-- Enhanced Demo Seed Data for Reflective
-- 35 diverse journal entries with tags, themes, and sentiment scores
-- Covers 60-day timeline with realistic patterns
-- Uses UUID strings for entry IDs (compatible with app expectations)

-- Clear existing data
DELETE FROM themes;
DELETE FROM entry_tags;
DELETE FROM tags;
DELETE FROM entries;

-- Insert Tags (10 categories with colors)
-- Tags will have auto-increment IDs 1-10
INSERT INTO tags (name, color, created_at, usage_count) VALUES
('Mental Health', '#8B5CF6', 1728000000000, 12),
('Fitness', '#10B981', 1728000000000, 10),
('Work', '#3B82F6', 1728000000000, 11),
('Relationships', '#EC4899', 1728000000000, 9),
('Gratitude', '#F59E0B', 1728000000000, 6),
('Learning', '#6366F1', 1728000000000, 7),
('Family', '#EF4444', 1728000000000, 8),
('Health', '#14B8A6', 1728000000000, 6),
('Creativity', '#A855F7', 1728000000000, 5),
('Goals', '#F97316', 1728000000000, 7);

-- Insert Entries (35 entries spanning 60 days, Sept 10 - Nov 9)
-- Using UUID strings for entry IDs

INSERT INTO entries (id, content, created_at, updated_at, word_count, sentiment_score, device_id) VALUES
('2bb2323e-9cea-4411-911c-8dc2b57821ae', '<p>Had an amazing breakthrough in therapy today. We talked about setting boundaries and I finally feel like I have concrete strategies to protect my peace. Left feeling empowered and hopeful. This is exactly what I needed.</p>', 1725926400000, 1725926400000, 42, 2.8, 'demo-device'),
('62a45b08-c427-45b7-bcc5-52cceb5295d1', '<p>Crushed my morning run today! Hit a new personal record for my 5K time. The weather was perfect, cool breeze, clear sky. Felt so alive and strong. These moments remind me why I keep showing up.</p>', 1726185600000, 1726185600000, 47, 3.2, 'demo-device'),
('abdabc5d-3109-49c7-8ff3-88dcff6b01c5', '<p>Spent the entire day with my family at the park. Kids were laughing, parents were relaxed, and we just enjoyed being together. No screens, no agenda, just quality time. These are the memories I want to hold onto forever.</p>', 1726531200000, 1726531200000, 51, 2.9, 'demo-device'),
('2ff98ff1-7b49-440a-be5b-aacb26f7fa2f', '<p>Finished reading that book on cognitive behavioral therapy and it genuinely changed my perspective. Started applying the reframing techniques immediately. Already noticing small shifts in how I respond to stress. Excited to keep learning.</p>', 1727049600000, 1727049600000, 44, 2.5, 'demo-device'),
('1aed759d-e398-4a3a-a324-ebf2840090e3', '<p>Celebrated my promotion today with the team! All the late nights and hard work finally paid off. Manager gave amazing feedback in front of everyone. Feeling proud, grateful, and motivated to keep pushing forward in my career.</p>', 1727481600000, 1727481600000, 46, 3.5, 'demo-device'),
('3052c7bb-2bde-4258-813f-ea38a0b60010', '<p>Tried a new pasta recipe tonight and it turned out incredible. Cooking has become such a creative outlet for me. Love experimenting with flavors and textures. Made enough to share with neighbors, and their reactions made my night.</p>', 1727827200000, 1727827200000, 48, 2.4, 'demo-device'),
('f309a4a0-3e1b-4540-a373-d5ab4c2fa169', '<p>Morning meditation practice is really starting to stick. Twenty minutes of stillness before the day begins has changed everything. Feel more centered, less reactive, more intentional. This habit is becoming non-negotiable.</p>', 1728172800000, 1728172800000, 41, 2.7, 'demo-device'),
('a73182ab-597c-47f5-9a53-651bf007d8bf', '<p>Had the best conversation with an old friend today. We reconnected after months apart and fell right back into our rhythm. Laughed until our stomachs hurt. Reminded me how important it is to nurture these relationships.</p>', 1728691200000, 1728691200000, 46, 3.0, 'demo-device'),
('1dd7ae26-86e9-41ae-bdf1-41f8bd6a718a', '<p>Started learning Python this week and actually built my first working script today! It is simple but functional. Love the feeling of solving problems through code. Excited to keep building my technical skills.</p>', 1729036800000, 1729036800000, 43, 2.6, 'demo-device'),
('e2b3508f-44f4-4b01-b2f4-10620b3fad81', '<p>Took time to write down everything I am grateful for this month. My health, my support system, the roof over my head, meaningful work. Sometimes I forget to appreciate what I have. This practice grounds me.</p>', 1729468800000, 1729468800000, 45, 2.9, 'demo-device'),
('7c3c4363-ffeb-4281-ab67-1546430a951c', '<p>Hit the gym early this morning and the endorphin rush carried me through the whole day. Strength training is becoming something I actually look forward to, not something I dread. Progress feels amazing.</p>', 1729814400000, 1729814400000, 42, 2.8, 'demo-device'),
('c6b53a9e-2e19-4010-9f18-8ff57af812e0', '<p>My partner surprised me with a weekend getaway. No work, no obligations, just us exploring a new city together. These moments of adventure and connection are what life is about. Feeling so loved and appreciated.</p>', 1730246400000, 1730246400000, 45, 3.4, 'demo-device'),
('d5a2f46b-9fed-4cd0-8442-494f466773d1', '<p>Project deadline is coming up next week and I am feeling the pressure. Team is working hard but there are still unknowns. Trying to stay organized and communicate clearly. One step at a time.</p>', 1726358400000, 1726358400000, 41, 0.3, 'demo-device'),
('5537e446-5c3e-4611-bf00-fa42ff21351c', '<p>Had a routine checkup with my doctor today. Everything looks normal but we are monitoring a few things. Trying not to overthink it. Taking care of my health is important even when it feels like just another task.</p>', 1726790400000, 1726790400000, 47, 0.1, 'demo-device'),
('40d3418c-0475-4eb0-9dc6-1cf9117db8e0', '<p>Spent the afternoon planning out my goals for the next quarter. Want to focus on skill development and building better routines. It feels good to have direction but also slightly overwhelming. Need to break it down into smaller steps.</p>', 1727222400000, 1727222400000, 50, 0.5, 'demo-device'),
('9b48a330-77ce-484b-ba2a-ce487b140179', '<p>Navigating a tricky situation at work with a colleague. We have different communication styles and it is causing friction. Trying to approach this with empathy and find common ground. Conflict is uncomfortable but necessary sometimes.</p>', 1727654400000, 1727654400000, 45, -0.2, 'demo-device'),
('2fc47910-f72a-421d-85ea-513da4671477', '<p>Reflecting on my relationship patterns. Noticing I tend to avoid difficult conversations. Working on being more direct and honest about my needs. Growth is uncomfortable but I know it is worth it.</p>', 1728000000000, 1728000000000, 42, 0.4, 'demo-device'),
('d235b86e-eb40-4ed1-ab50-7606e7b96f82', '<p>Had a family dinner tonight. Conversations were a mix of lighthearted and tense. We all love each other but sometimes personalities clash. Trying to accept people as they are without trying to change them.</p>', 1728432000000, 1728432000000, 44, 0.2, 'demo-device'),
('3e4caef4-4a96-4c4f-a8f7-e5500a199286', '<p>Pushed through a tough workout even though I did not feel like it. Sometimes discipline matters more than motivation. Did not break any records but I showed up and that counts for something.</p>', 1728864000000, 1728864000000, 43, 0.6, 'demo-device'),
('627b19c6-64b7-4073-a54c-aef1bcda4f58', '<p>Learning a new skill is humbling. Made a lot of mistakes today in my coding practice but that is part of the process. Trying to be patient with myself and trust that incremental progress adds up.</p>', 1729209600000, 1729209600000, 44, 0.3, 'demo-device'),
('e0505db6-c46d-45b4-9f61-b703c2969209', '<p>Balancing work deadlines with personal time is always a challenge. Trying to set better boundaries but it is easier said than done. Some days I manage it well, other days not so much. Progress over perfection.</p>', 1729555200000, 1729555200000, 46, 0.1, 'demo-device'),
('59c12acb-4095-44b1-9dc0-d1f857d2dc20', '<p>Had a conversation with my manager about career development. There are opportunities ahead but also expectations to meet. Feeling both excited and slightly anxious about the next steps. Need to trust my abilities.</p>', 1729987200000, 1729987200000, 43, 0.4, 'demo-device'),
('081e8430-06b5-437e-b213-e3b10353ba24', '<p>Attended a networking event tonight. Met some interesting people but social interactions always drain my energy. Introvert problems. Trying to push my comfort zone while also honoring my need for downtime.</p>', 1730419200000, 1730419200000, 42, 0.2, 'demo-device'),
('c52aeca8-5820-4ce9-bbc3-85dc7b7fa47f', '<p>Meal prepped for the week which felt productive. Eating healthier has been a goal but consistency is hard. Some weeks I nail it, others I rely on takeout. Trying to find sustainable habits instead of perfection.</p>', 1730678400000, 1730678400000, 45, 0.5, 'demo-device'),
('4ec9280a-e38d-4fc7-bfcf-5799c05c4b8e', '<p>Thinking about where I want to be in five years. Career goals, personal growth, relationships. It feels both exciting and overwhelming to think long-term. Taking it one year at a time for now.</p>', 1731024000000, 1731024000000, 42, 0.3, 'demo-device'),
('fcd98ca7-4f7e-4b09-aa0f-a6d050bb10a3', '<p>Tried a new creative project today. Results were mixed but the process was enjoyable. Creativity does not always have to produce something perfect. Sometimes it is just about exploring and experimenting.</p>', 1731283200000, 1731283200000, 41, 0.6, 'demo-device'),
('18dcd9da-4e49-4e4e-a762-0a2ccb148fe6', '<p>Anxiety has been really high this week. Work stress is bleeding into every area of my life. Feel like I cannot turn my brain off. Need to talk to my therapist about coping strategies because this is not sustainable.</p>', 1726617600000, 1726617600000, 48, -2.1, 'demo-device'),
('527fdae1-90ef-403c-9bc8-0ad66a925af1', '<p>Had a frustrating day at work. Client changed requirements last minute and now we are scrambling. Team morale is low and I feel like we are fighting an uphill battle. Trying to stay professional but I am exhausted.</p>', 1727308800000, 1727308800000, 46, -1.8, 'demo-device'),
('a9cd8285-7378-4aac-8ed7-7c352b9f4c52', '<p>Got some concerning news from my doctor about test results. Nothing definitive yet but need more tests. Health anxiety is spiraling and I cannot stop googling symptoms. Need to stay grounded and wait for facts.</p>', 1727913600000, 1727913600000, 44, -2.5, 'demo-device'),
('f473c76f-eb30-4c23-b782-49e37a873e46', '<p>Argument with my partner left me feeling disconnected. We were both stressed and said things we did not mean. Communication breaks down when we are overwhelmed. Need to repair this but not sure where to start.</p>', 1728345600000, 1728345600000, 45, -1.9, 'demo-device'),
('50c97336-de8e-49d5-b8cc-47340feb8bca', '<p>Feeling stuck in my career lately. Same responsibilities, same challenges, no growth. Watching peers advance while I feel stagnant. Maybe I need to make a change but the uncertainty is paralyzing.</p>', 1728777600000, 1728777600000, 41, -1.7, 'demo-device'),
('0eae05fa-a482-425c-91d9-b000814a8750', '<p>Skipped the gym for the third day in a row. Motivation is nonexistent and I feel guilty about it. The cycle of feeling bad then avoiding what would make me feel better is so frustrating.</p>', 1729382400000, 1729382400000, 42, -1.5, 'demo-device'),
('5ec1794f-b29f-4797-a151-0b250252cdc5', '<p>Social anxiety has been intense lately. Canceled plans twice this week because the thought of being around people felt overwhelming. Isolating myself but also feeling lonely. It is a confusing contradiction.</p>', 1729728000000, 1729728000000, 43, -2.0, 'demo-device'),
('0c0448b0-ff1a-4550-9bf9-fef15e1e571c', '<p>Family conflict is weighing on me. Old wounds resurfacing and nobody seems willing to address the real issues. Feel caught in the middle and exhausted from trying to keep the peace. Need boundaries.</p>', 1730160000000, 1730160000000, 44, -1.8, 'demo-device'),
('e06b24b4-15ae-4438-a7fd-59bda0e04ae5', '<p>Having one of those days where everything feels hard. Work is stressful, relationships feel strained, even basic tasks feel overwhelming. Trying to remember that bad days pass but right now it is difficult to see the light.</p>', 1730592000000, 1730592000000, 47, -2.2, 'demo-device');

-- Insert Entry-Tag Relationships
-- Using UUID entry IDs, integer tag IDs (1-10)

INSERT INTO entry_tags (entry_id, tag_id, created_at) VALUES
('2bb2323e-9cea-4411-911c-8dc2b57821ae', 1, 1725926400000),
('2bb2323e-9cea-4411-911c-8dc2b57821ae', 5, 1725926400000),
('62a45b08-c427-45b7-bcc5-52cceb5295d1', 2, 1726185600000),
('62a45b08-c427-45b7-bcc5-52cceb5295d1', 8, 1726185600000),
('62a45b08-c427-45b7-bcc5-52cceb5295d1', 10, 1726185600000),
('abdabc5d-3109-49c7-8ff3-88dcff6b01c5', 7, 1726531200000),
('abdabc5d-3109-49c7-8ff3-88dcff6b01c5', 4, 1726531200000),
('abdabc5d-3109-49c7-8ff3-88dcff6b01c5', 5, 1726531200000),
('2ff98ff1-7b49-440a-be5b-aacb26f7fa2f', 6, 1727049600000),
('2ff98ff1-7b49-440a-be5b-aacb26f7fa2f', 1, 1727049600000),
('1aed759d-e398-4a3a-a324-ebf2840090e3', 3, 1727481600000),
('1aed759d-e398-4a3a-a324-ebf2840090e3', 5, 1727481600000),
('1aed759d-e398-4a3a-a324-ebf2840090e3', 10, 1727481600000),
('3052c7bb-2bde-4258-813f-ea38a0b60010', 9, 1727827200000),
('3052c7bb-2bde-4258-813f-ea38a0b60010', 4, 1727827200000),
('f309a4a0-3e1b-4540-a373-d5ab4c2fa169', 1, 1728172800000),
('f309a4a0-3e1b-4540-a373-d5ab4c2fa169', 8, 1728172800000),
('a73182ab-597c-47f5-9a53-651bf007d8bf', 4, 1728691200000),
('a73182ab-597c-47f5-9a53-651bf007d8bf', 5, 1728691200000),
('1dd7ae26-86e9-41ae-bdf1-41f8bd6a718a', 6, 1729036800000),
('1dd7ae26-86e9-41ae-bdf1-41f8bd6a718a', 10, 1729036800000),
('e2b3508f-44f4-4b01-b2f4-10620b3fad81', 5, 1729468800000),
('e2b3508f-44f4-4b01-b2f4-10620b3fad81', 1, 1729468800000),
('7c3c4363-ffeb-4281-ab67-1546430a951c', 2, 1729814400000),
('7c3c4363-ffeb-4281-ab67-1546430a951c', 8, 1729814400000),
('c6b53a9e-2e19-4010-9f18-8ff57af812e0', 4, 1730246400000),
('c6b53a9e-2e19-4010-9f18-8ff57af812e0', 5, 1730246400000),
('d5a2f46b-9fed-4cd0-8442-494f466773d1', 3, 1726358400000),
('d5a2f46b-9fed-4cd0-8442-494f466773d1', 10, 1726358400000),
('5537e446-5c3e-4611-bf00-fa42ff21351c', 8, 1726790400000),
('40d3418c-0475-4eb0-9dc6-1cf9117db8e0', 10, 1727222400000),
('40d3418c-0475-4eb0-9dc6-1cf9117db8e0', 6, 1727222400000),
('9b48a330-77ce-484b-ba2a-ce487b140179', 3, 1727654400000),
('9b48a330-77ce-484b-ba2a-ce487b140179', 4, 1727654400000),
('2fc47910-f72a-421d-85ea-513da4671477', 4, 1728000000000),
('2fc47910-f72a-421d-85ea-513da4671477', 1, 1728000000000),
('d235b86e-eb40-4ed1-ab50-7606e7b96f82', 7, 1728432000000),
('d235b86e-eb40-4ed1-ab50-7606e7b96f82', 4, 1728432000000),
('3e4caef4-4a96-4c4f-a8f7-e5500a199286', 2, 1728864000000),
('627b19c6-64b7-4073-a54c-aef1bcda4f58', 6, 1729209600000),
('627b19c6-64b7-4073-a54c-aef1bcda4f58', 10, 1729209600000),
('e0505db6-c46d-45b4-9f61-b703c2969209', 3, 1729555200000),
('e0505db6-c46d-45b4-9f61-b703c2969209', 1, 1729555200000),
('59c12acb-4095-44b1-9dc0-d1f857d2dc20', 3, 1729987200000),
('59c12acb-4095-44b1-9dc0-d1f857d2dc20', 10, 1729987200000),
('081e8430-06b5-437e-b213-e3b10353ba24', 4, 1730419200000),
('081e8430-06b5-437e-b213-e3b10353ba24', 3, 1730419200000),
('c52aeca8-5820-4ce9-bbc3-85dc7b7fa47f', 8, 1730678400000),
('c52aeca8-5820-4ce9-bbc3-85dc7b7fa47f', 10, 1730678400000),
('4ec9280a-e38d-4fc7-bfcf-5799c05c4b8e', 10, 1731024000000),
('4ec9280a-e38d-4fc7-bfcf-5799c05c4b8e', 3, 1731024000000),
('fcd98ca7-4f7e-4b09-aa0f-a6d050bb10a3', 9, 1731283200000),
('18dcd9da-4e49-4e4e-a762-0a2ccb148fe6', 1, 1726617600000),
('18dcd9da-4e49-4e4e-a762-0a2ccb148fe6', 3, 1726617600000),
('527fdae1-90ef-403c-9bc8-0ad66a925af1', 3, 1727308800000),
('a9cd8285-7378-4aac-8ed7-7c352b9f4c52', 8, 1727913600000),
('a9cd8285-7378-4aac-8ed7-7c352b9f4c52', 1, 1727913600000),
('f473c76f-eb30-4c23-b782-49e37a873e46', 4, 1728345600000),
('f473c76f-eb30-4c23-b782-49e37a873e46', 1, 1728345600000),
('50c97336-de8e-49d5-b8cc-47340feb8bca', 3, 1728777600000),
('50c97336-de8e-49d5-b8cc-47340feb8bca', 10, 1728777600000),
('0eae05fa-a482-425c-91d9-b000814a8750', 2, 1729382400000),
('0eae05fa-a482-425c-91d9-b000814a8750', 1, 1729382400000),
('5ec1794f-b29f-4797-a151-0b250252cdc5', 1, 1729728000000),
('5ec1794f-b29f-4797-a151-0b250252cdc5', 4, 1729728000000),
('0c0448b0-ff1a-4550-9bf9-fef15e1e571c', 7, 1730160000000),
('0c0448b0-ff1a-4550-9bf9-fef15e1e571c', 1, 1730160000000),
('e06b24b4-15ae-4438-a7fd-59bda0e04ae5', 1, 1730592000000),
('e06b24b4-15ae-4438-a7fd-59bda0e04ae5', 3, 1730592000000),
('e06b24b4-15ae-4438-a7fd-59bda0e04ae5', 4, 1730592000000);

-- Insert Pre-generated Themes (ONE theme per entry, highest confidence only)
-- Using UUID entry IDs

INSERT INTO themes (entry_id, theme_name, confidence, created_at) VALUES
('2bb2323e-9cea-4411-911c-8dc2b57821ae', 'Mental Health', 0.85, 1725926400000),
('62a45b08-c427-45b7-bcc5-52cceb5295d1', 'Health & Fitness', 0.92, 1726185600000),
('abdabc5d-3109-49c7-8ff3-88dcff6b01c5', 'Relationships', 0.88, 1726531200000),
('2ff98ff1-7b49-440a-be5b-aacb26f7fa2f', 'Learning', 0.89, 1727049600000),
('1aed759d-e398-4a3a-a324-ebf2840090e3', 'Work & Career', 0.94, 1727481600000),
('3052c7bb-2bde-4258-813f-ea38a0b60010', 'Creativity', 0.87, 1727827200000),
('f309a4a0-3e1b-4540-a373-d5ab4c2fa169', 'Mental Health', 0.91, 1728172800000),
('a73182ab-597c-47f5-9a53-651bf007d8bf', 'Relationships', 0.93, 1728691200000),
('1dd7ae26-86e9-41ae-bdf1-41f8bd6a718a', 'Learning', 0.90, 1729036800000),
('e2b3508f-44f4-4b01-b2f4-10620b3fad81', 'Gratitude', 0.95, 1729468800000),
('7c3c4363-ffeb-4281-ab67-1546430a951c', 'Health & Fitness', 0.91, 1729814400000),
('c6b53a9e-2e19-4010-9f18-8ff57af812e0', 'Relationships', 0.90, 1730246400000),
('d5a2f46b-9fed-4cd0-8442-494f466773d1', 'Work & Career', 0.87, 1726358400000),
('5537e446-5c3e-4611-bf00-fa42ff21351c', 'Health & Fitness', 0.78, 1726790400000),
('40d3418c-0475-4eb0-9dc6-1cf9117db8e0', 'Personal Growth', 0.84, 1727222400000),
('9b48a330-77ce-484b-ba2a-ce487b140179', 'Work & Career', 0.80, 1727654400000),
('2fc47910-f72a-421d-85ea-513da4671477', 'Relationships', 0.86, 1728000000000),
('d235b86e-eb40-4ed1-ab50-7606e7b96f82', 'Relationships', 0.81, 1728432000000),
('3e4caef4-4a96-4c4f-a8f7-e5500a199286', 'Health & Fitness', 0.85, 1728864000000),
('627b19c6-64b7-4073-a54c-aef1bcda4f58', 'Learning', 0.88, 1729209600000),
('e0505db6-c46d-45b4-9f61-b703c2969209', 'Work & Career', 0.83, 1729555200000),
('59c12acb-4095-44b1-9dc0-d1f857d2dc20', 'Work & Career', 0.89, 1729987200000),
('081e8430-06b5-437e-b213-e3b10353ba24', 'Relationships', 0.76, 1730419200000),
('c52aeca8-5820-4ce9-bbc3-85dc7b7fa47f', 'Health & Fitness', 0.82, 1730678400000),
('4ec9280a-e38d-4fc7-bfcf-5799c05c4b8e', 'Personal Growth', 0.85, 1731024000000),
('fcd98ca7-4f7e-4b09-aa0f-a6d050bb10a3', 'Creativity', 0.88, 1731283200000),
('18dcd9da-4e49-4e4e-a762-0a2ccb148fe6', 'Mental Health', 0.94, 1726617600000),
('527fdae1-90ef-403c-9bc8-0ad66a925af1', 'Work & Career', 0.92, 1727308800000),
('a9cd8285-7378-4aac-8ed7-7c352b9f4c52', 'Health & Fitness', 0.90, 1727913600000),
('f473c76f-eb30-4c23-b782-49e37a873e46', 'Relationships', 0.91, 1728345600000),
('50c97336-de8e-49d5-b8cc-47340feb8bca', 'Work & Career', 0.93, 1728777600000),
('0eae05fa-a482-425c-91d9-b000814a8750', 'Health & Fitness', 0.86, 1729382400000),
('5ec1794f-b29f-4797-a151-0b250252cdc5', 'Mental Health', 0.95, 1729728000000),
('0c0448b0-ff1a-4550-9bf9-fef15e1e571c', 'Relationships', 0.88, 1730160000000),
('e06b24b4-15ae-4438-a7fd-59bda0e04ae5', 'Mental Health', 0.92, 1730592000000);
